bound,category,cls,cols,config,cuts,description,highs_objective,highs_status,highs_time,instance,integers,iterations,kkt_dual,kkt_gap,kkt_primal,max_viol,mip_gap,nnz,nodes,note,obj_rel_diff,objective,rows,status,time,time_ratio,wall
0,robustness,LP,2400,ipm,0,Balanced transportation LP (primal degenerate),8128.0,OPTIMAL,0.03586209999048151,transport_40x60,0,11,0,2.8264918023058664e-09,1.0393254451211599e-12,1.0393254451211599e-12,0,4800,0,,2.481934056350573e-09,8128.00002017316,100,OPTIMAL,0.019037,0.5308389638379455,0.0674631000001682
0,robustness,LP,2400,dual-simplex,0,Balanced transportation LP (primal degenerate),8128.0,OPTIMAL,0.03586209999048151,transport_40x60,0,131,0,0,0,0,0,4800,0,,0.0,8128,100,OPTIMAL,0.0030821,0.0859430987258986,0.05455889999575447
0,robustness,LP,3600,ipm,0,"Assignment LP, 3600 vars (massively degenerate)",190.0,OPTIMAL,0.02117500000167638,assign_60,0,7,8.416600749683312e-12,4.689083686896865e-09,6.228194626700656e-10,1.2456389253401312e-09,0,7200,0,,4.710827882167666e-09,190.0000008950573,120,OPTIMAL,0.0151157,0.7138465170627306,0.06077490000461694
0,robustness,LP,3600,dual-simplex,0,"Assignment LP, 3600 vars (massively degenerate)",190.0,OPTIMAL,0.02117500000167638,assign_60,0,130,0,0,0,0,0,7200,0,,0.0,190,120,OPTIMAL,0.0020679,0.09765761510442922,0.03606179999769665
0,robustness,LP,800,ipm,0,Every row active at a known vertex (primal degeneracy),1136.9647044767444,OPTIMAL,0.01271959999576211,degen_400x800,0,11,,,,0,0,2901,0,,6.604593390460915e-09,1136.964711985934,400,OPTIMAL,0.0540228,4.2472090331456345,0.08711809999658726
0,robustness,LP,800,dual-simplex,0,Every row active at a known vertex (primal degeneracy),1136.9647044767444,OPTIMAL,0.01271959999576211,degen_400x800,0,250,,,,3.552713678800501e-14,0,2901,0,,7.99932221459326e-16,1136.9647044767453,400,OPTIMAL,0.0057606,0.4528916005156849,0.05093130000750534
0,robustness,LP,500,ipm,0,Row/col scaling over 8 decades + near-parallel rows,-168530092.17963168,OPTIMAL,0.02667269999801647,illcond_300x500,0,19,0,4.1022942275243964e-09,0,0,0,2287,0,,2.6281168839457305e-09,-168530091.7367149,300,OPTIMAL,0.0455941,1.7093920001871064,0.07846920000156388
0,robustness,LP,500,dual-simplex,0,Row/col scaling over 8 decades + near-parallel rows,-168530092.17963168,OPTIMAL,0.02667269999801647,illcond_300x500,0,684,3.891928235040067e-13,0,3.177600949159952e-14,6.366462912410498e-12,0,2287,0,,1.1759647272187647e-13,-168530092.17961186,300,OPTIMAL,0.0224938,0.8433266973974426,0.07302910000726115
0,robustness,LP,2000,ipm,0,Larger ill-conditioned LP,-673441807.2680683,OPTIMAL,0.3258540999959223,illcond_1200x2000,0,23,0,8.958911504634469e-09,0,0,0,9169,0,,6.300843336283835e-09,-673441803.024817,1200,OPTIMAL,1.5048294,4.618107920136132,1.5531281000003219
0,robustness,LP,2000,dual-simplex,0,Larger ill-conditioned LP,-673441807.2680683,OPTIMAL,0.3258540999959223,illcond_1200x2000,0,6287,3.751052891575089e-12,6.050372083864141e-13,3.843313178554238e-12,2.9893953978898935e-10,0,9169,0,,1.5718930422589028e-12,-673441807.2670097,1200,OPTIMAL,0.9892688,3.035925587593894,1.0354312999988906
0,scale,LP,4224,ipm,0,"Multicommodity flow on 12x12 grid, 8 commodities",2867.264006281387,OPTIMAL,0.03341849999560509,mcf_12x12_k8,0,8,0,,0,0,0,12672,0,,,,1680,NUMERICAL_ERROR,0.0647135,1.9364573517216677,0.10459940000146162
0,scale,LP,4224,dual-simplex,0,"Multicommodity flow on 12x12 grid, 8 commodities",2867.264006281387,OPTIMAL,0.03341849999560509,mcf_12x12_k8,0,439,5.4214915230542866e-15,1.585444540288429e-16,0,0,0,12672,0,,0.0,2867.264006281387,1680,OPTIMAL,0.0187226,0.560246570087294,0.05565519999072421
0,scale,LP,38400,ipm,0,"Multicommodity flow, 25x25 grid, 16 commodities",11358.887904186675,OPTIMAL,0.4594714999984717,mcf_25x25_k16,0,11,0,,0,0,0,115200,0,,,,12400,NUMERICAL_ERROR,25.8614782,56.28527166556799,25.981003599998076
0,scale,LP,38400,dual-simplex,0,"Multicommodity flow, 25x25 grid, 16 commodities",11358.887904186675,OPTIMAL,0.4594714999984717,mcf_25x25_k16,0,3222,7.502074686551684e-15,3.202477733737968e-16,1.7763568394002505e-15,3.552713678800501e-15,0,115200,0,,8.00689917397376e-16,11358.887904186684,12400,OPTIMAL,0.7073454,1.5394761154986822,0.8159264999994775
2060.2059406020753,milp,MILP,60,branch-and-cut,34,Multi-dimensional knapsack,2060.0000000000005,OPTIMAL,30.43565800000215,mknap_60x5,60,263111,,,,0,9.997116605575779e-05,300,84277,"root LP bound 2075.995137, after cuts 2074.157544",0.0,2060.0000000000005,5,OPTIMAL,1.977464,0.06497194836398347,2.0136094000044977
5857.553991632889,milp,MILP,915,branch-and-cut,1,"Capacitated facility location, weak aggregated big-M",5857.55399163289,OPTIMAL,0.12479879999591503,cfl_15x60,15,568,,,,1.4921397450962104e-13,0,1815,3,"root LP bound 5616.50018, after cuts 5666.195531",1.5526868434709752e-16,5857.553991632889,75,OPTIMAL,0.0089605,0.07179956858794555,0.04000890000315849
1824,milp,MILP,120,branch-and-cut,35,Set covering,1824.0,OPTIMAL,0.03092169998853933,setcover_200x120,120,138,,,,0,0,680,0,"root LP bound 1814.5, after cuts 1824",0.0,1824,200,OPTIMAL,0.0029941,0.09682844090427495,0.03480900000431575
190976.21731749526,industrial,MILP,1200,branch-and-cut,396,"Power dispatch: unit commitment, 10 units x 24 h",190995.16064232023,OPTIMAL,0.4575276999967173,uc_10g_24h,480,62920,,,,2.2737367544323206e-13,9.918222410203959e-05,7914,5293,"root LP bound 186493.3338, after cuts 189533.6887",1.3714194287944935e-15,190995.1606423205,1708,OPTIMAL,7.728717,16.892347720270166,7.76618919998873
0,industrial,LP,222,ipm,0,Refinery: multi-period gasoline blending (RON/RVP/S/Bz/Aro/Ole),211108.0026018191,OPTIMAL,0.005596300004981458,gasblend_6p,0,10,0,1.2287606765414657e-12,2.3092638912203256e-14,2.3092638912203256e-14,0,911,0,,5.311833628652251e-13,211108.00260170698,138,OPTIMAL,0.0072769,1.300305557872627,0.041880000004312024
0,industrial,LP,222,dual-simplex,0,Refinery: multi-period gasoline blending (RON/RVP/S/Bz/Aro/Ole),211108.0026018191,OPTIMAL,0.005596300004981458,gasblend_6p,0,163,1.1368683772161603e-13,1.3786162644909828e-16,1.2221335055073723e-12,1.2221335055073723e-12,0,911,0,,0.0,211108.0026018191,138,OPTIMAL,0.001305,0.23318978590110873,0.03149419999681413
111741.95487403,industrial,MILP,186,branch-and-cut,64,"Refinery: 4-period planning, crude cargoes + FCC modes",111730.78676351844,OPTIMAL,1.9987699999910546,refplan_4p,32,680882,,,,1.0118128557223827e-11,9.99555347103095e-05,604,139223,"root LP bound 117656.1093, after cuts 115917.8649",2.0578057961305633e-13,111730.78676349545,146,OPTIMAL,35.8276869,17.924867243434885,35.86857239999517
202932.67126246274,industrial,MILP,374,branch-and-cut,69,Refinery: 8-period planning,201895.4261188734,OPTIMAL,14.575747700000647,refplan_8p,64,1600696,,,,1.6143530956469476e-11,0.005137536612547317,1220,276030,"root LP bound 206264.1189, after cuts 205472.9269",1.0955627659486593e-14,201895.4261188712,294,FEASIBLE,120.3445844,8.256494752581006,120.3888944000064
458.54000000000013,industrial,MILP,311,branch-and-cut,893,"Refinery: crude unloading & tank scheduling (5 days, 8h slots)",458.54,OPTIMAL,1.0257744000118691,crudesched_15,110,36005,,,,1.2505552149377763e-12,0,1173,654,"root LP bound 369.1116451, after cuts 404.4196577",2.479322146849043e-16,458.54000000000013,421,OPTIMAL,1.4053826,1.3700698710981074,1.4399084000033326
0,qp,QP,200,ipm,0,"Markowitz portfolio QP, factor covariance, 200 assets",,SKIPPED_QP,,portfolio_200,0,7,0,1.087379475810423e-10,2.7755575615628914e-16,5.551115123125783e-16,0,400,0,,,-0.14305381328961655,9,OPTIMAL,0.0137105,,0.0621032000053674
0,qp,QP,96,ipm,0,Blending with quadratic quality-deviation and recipe-smoothing penalties,,SKIPPED_QP,,blendqp_12p,0,7,9.237055564881302e-13,4.2015888284573594e-11,2.2714652891431774e-16,2.2737367544323206e-13,0,240,0,,,109929.70216345724,36,OPTIMAL,0.0009218,,0.03603859999566339
0,qp,QP,300,ipm,0,Bounded sparse least squares,,SKIPPED_QP,,bls_400x300,0,8,0,5.363352276651316e-10,0,0,0,300,0,,,82.79439306251442,1,OPTIMAL,0.0190145,,0.051750299986451864
