instance,category,cls,reference,ref_source,NIRNAY_status,NIRNAY_obj,NIRNAY_time,NIRNAY_relerr,CPLEX_status,CPLEX_obj,CPLEX_time,CPLEX_relerr,HiGHS_status,HiGHS_obj,HiGHS_time,HiGHS_relerr,NIRNAY_method,NIRNAY_kkt,NIRNAY_viol
afiro,netlib,LP,-464.75314286,Netlib published,OPTIMAL,-464.75314285586904,0.0029416,8.888550496829878e-12,OPTIMAL,-464.75314286,0.03,0.0,OPTIMAL,-464.7531428571429,0.02873410000029253,6.147609340775256e-12,ipm,5.465352577971911e-12,3.721095188978594e-14
sc50a,netlib,LP,-64.575077059,Netlib published,OPTIMAL,-64.57507676803507,0.0029973,4.5058392953638016e-09,OPTIMAL,-64.575077059,0.01,0.0,OPTIMAL,-64.5750770585645,0.0038248000000749016,6.743958545329677e-12,ipm,7.508930991863053e-09,2.842170943040401e-14
sc105,netlib,LP,-52.202061212,Netlib published,OPTIMAL,-52.20206120848646,0.0104478,6.730642949292225e-11,OPTIMAL,-52.202061212,0.0,0.0,OPTIMAL,-52.20206121170723,0.005245700000159559,5.608301983062969e-12,ipm,2.629081224291832e-10,1.1368683772161603e-13
adlittle,netlib,LP,225494.96316,Netlib published,OPTIMAL,225494.96316650024,0.001675,2.8826471447956068e-11,OPTIMAL,225494.96316,0.0,0.0,OPTIMAL,225494.96316238033,0.00793820000035339,1.055595632030116e-11,ipm,2.6052018729428917e-08,4.547473508864641e-13
blend,netlib,LP,-30.812149846,Netlib published,OPTIMAL,-30.812149845708575,0.0047658,9.458137514418158e-12,NO_SOLUTION,,,,OPTIMAL,-30.81214984582823,0.006768199999896751,5.574753936834577e-12,ipm,7.589070817716394e-12,1.7763568394002505e-15
kb2,netlib,LP,-1749.9001299,Netlib published,OPTIMAL,-1749.9001298034707,0.0024931,5.516270244415949e-11,OPTIMAL,-1749.9001299,0.0,0.0,OPTIMAL,-1749.9001299062056,0.0037886000000071363,3.546322225958555e-12,ipm,1.2077944858122617e-10,2.2737367544323206e-13
share2b,netlib,LP,-415.73224074,Netlib published,OPTIMAL,-415.73224062883037,0.0053307,2.6740682994978166e-10,OPTIMAL,-415.73224074,0.0,0.0,OPTIMAL,-415.73224074141945,0.006902000000081898,3.4143058278247812e-12,ipm,1.221269307905004e-09,3.552713678800501e-15
stocfor1,netlib,LP,-41131.976219,Netlib published,OPTIMAL,-41131.97618402597,0.0027101,8.502880877373389e-10,OPTIMAL,-41131.976219,0.0,0.0,OPTIMAL,-41131.97621943641,0.008580100000472157,1.061004060138329e-11,ipm,1.4044575096973255e-09,9.094947017729282e-13
transport_40x60,robustness,LP,8128.0,HiGHS,OPTIMAL,8128.00002017316,0.0401983,2.481934056350573e-09,SIZE_LIMIT,,,,OPTIMAL,8128.0,0.021657599999343802,0.0,ipm,2.8264918023058664e-09,1.0393254451211599e-12
assign_60,robustness,LP,190.0,HiGHS,OPTIMAL,190.0000008950573,0.0169369,4.710827882167666e-09,SIZE_LIMIT,,,,OPTIMAL,190.0,0.030396399999517598,0.0,ipm,4.689083686896865e-09,1.2456389253401312e-09
degen_400x800,robustness,LP,1136.9647045,CPLEX = HiGHS,OPTIMAL,1136.964711985934,0.0899606,6.584139323406583e-09,OPTIMAL,1136.9647045,0.02,0.0,OPTIMAL,1136.9647044767444,0.016887199999473523,2.0454066919241232e-11,ipm,,0
illcond_300x500,robustness,LP,-168530092.18,CPLEX = HiGHS,OPTIMAL,-168530091.7367149,0.0786324,2.630302409964598e-09,OPTIMAL,-168530092.18,0.03,0.0,OPTIMAL,-168530092.17963168,0.02429019999999582,2.1855260246112704e-12,ipm,4.1022942275243964e-09,0
illcond_1200x2000,robustness,LP,-673441807.2680683,HiGHS,OPTIMAL,-673441803.024817,2.1314781,6.300843336283835e-09,SIZE_LIMIT,,,,OPTIMAL,-673441807.2680683,0.3322304000002987,0.0,ipm,8.958911504634469e-09,0
mcf_12x12_k8,scale,LP,2867.264006281387,HiGHS,OPTIMAL,2867.264006281387,0.0977596,0.0,SIZE_LIMIT,,,,OPTIMAL,2867.264006281387,0.0323724999998376,0.0,ipm->dual-simplex,5.4214915230542866e-15,0
mcf_25x25_k16,scale,LP,11358.887904186675,HiGHS,OPTIMAL,11358.887904186684,12.15915,8.00689917397376e-16,SIZE_LIMIT,,,,OPTIMAL,11358.887904186675,0.3507958000000144,0.0,ipm->dual-simplex,7.502074686551684e-15,3.552713678800501e-15
mknap_60x5,milp,MILP,2060.0,CPLEX,OPTIMAL,2060.0000000000005,2.7132285,2.207511412070214e-16,OPTIMAL,2060.0,1.25,0.0,LIMIT,2057.400000000001,10.011894899999788,0.0012621359223296115,branch-and-cut,,0
cfl_15x60,milp,MILP,5857.5539916,CPLEX = HiGHS,OPTIMAL,5857.553991632889,0.0121687,5.614826163391268e-12,OPTIMAL,5857.5539916,0.11,0.0,OPTIMAL,5857.55399163289,0.17239340000014636,5.614981432075615e-12,branch-and-cut,,1.4921397450962104e-13
setcover_200x120,milp,MILP,1824.0,CPLEX = HiGHS,OPTIMAL,1824,0.005367,0.0,OPTIMAL,1824.0,0.06,0.0,OPTIMAL,1824.0,0.029260299999805284,0.0,branch-and-cut,,0
uc_10g_24h,industrial,MILP,190995.16064232023,HiGHS,OPTIMAL,190995.1606423205,7.4556016,1.3714194287944935e-15,SIZE_LIMIT,,,,OPTIMAL,190995.16064232023,0.6589002000000619,0.0,branch-and-cut,,2.2737367544323206e-13
gasblend_6p,industrial,LP,211108.0026,CPLEX = HiGHS,OPTIMAL,211108.00260170698,0.0117937,8.085760554289326e-12,OPTIMAL,211108.0026,0.0,0.0,OPTIMAL,211108.0026018191,0.00962470000013127,8.616943917159128e-12,ipm,1.2287606765414657e-12,2.3092638912203256e-14
refplan_4p,industrial,MILP,111730.78676,CPLEX = HiGHS,FEASIBLE,111730.78676349545,10.0337934,3.1284508941462495e-11,OPTIMAL,111730.78676,2.52,0.0,OPTIMAL,111730.78676351844,2.7164585000000443,3.149028952108203e-11,branch-and-cut,,1.0118128557223827e-11
refplan_8p,industrial,MILP,201895.42612,CPLEX,FEASIBLE,201895.4261188712,10.0203625,5.590973931194954e-12,OPTIMAL,201895.42612,6.69,0.0,LIMIT,201895.4261188734,10.009206800000356,5.580018303535528e-12,branch-and-cut,,1.6143530956469476e-11
crudesched_15,industrial,MILP,458.54,CPLEX = HiGHS,OPTIMAL,458.54000000000013,2.0059266,2.479322146849043e-16,OPTIMAL,458.54,0.19,0.0,OPTIMAL,458.54,1.6913353999998435,0.0,branch-and-cut,,1.2505552149377763e-12
portfolio_200,qp,QP,-0.14305380815,CPLEX,OPTIMAL,-0.14305381328961655,0.0142343,5.139616565674743e-09,OPTIMAL,-0.14305380815,0.05,0.0,N/A (no QP),,,,ipm,1.087379475810423e-10,5.551115123125783e-16
blendqp_12p,qp,QP,109929.70216,CPLEX,OPTIMAL,109929.70216345724,0.000813,3.144958961976866e-11,OPTIMAL,109929.70216,0.02,0.0,N/A (no QP),,,,ipm,4.2015888284573594e-11,2.2737367544323206e-13
bls_400x300,qp,QP,,none,OPTIMAL,82.79439306251442,0.0273529,,SIZE_LIMIT,,,,N/A (no QP),,,,ipm,5.363352276651316e-10,0
